<resources>
    <string name="app_name">Calculator</string>
    <string name="one">1</string>
    <string name="two">2</string>
    <string name="three">3</string>
    <string name="four">4</string>
    <string name="five">5</string>
    <string name="six">6</string>
    <string name="seven">7</string>
    <string name="eight">8</string>
    <string name="nine">9</string>
    <string name="zero">0</string>
    <string name="dot">.</string>
    <string name="equal">=</string>
    <string name="plus">+</string>
    <string name="negative">-</string>
    <string name="division">/</string>
    <string name="multication">*</string>
    <string name="modulus">%</string>
    <string name="square">X²</string>
    <string name="Cube">X³</string>
    <string name="XpowerY">X^Y</string>
    <string name="SquareRoot">√</string>
    <string name="Factorial">!</string>
    <string name="CE">CE</string>
    <string name="C">C</string>
    <string name="undefined_value">Undefined Values</string>
</resources>