<resources xmlns:tools="http://schemas.android.com/tools">
    <!-- Base application theme. -->
    <style name="Base.Theme.Calculator" parent="Theme.Material3.DayNight.NoActionBar">
        <!-- Customize your light theme here. -->
        <item name="colorPrimary">@color/primary_color</item>
        <item name="colorPrimaryDark">@color/dark_primary_color</item>
        <item name="colorAccent">@color/accent_color</item>

    </style>

    <style name="Theme.Calculator" parent="Base.Theme.Calculator" />
</resources>